use tfc;
INSERT INTO 1agregado_familiar VALUES
("124","2"),
("125","2"),
("126","1"),
("127","1"),
("128","3"),
("129","3");



INSERT INTO 2escalao VALUES
("1","0","2"),
("2","2","9"),
("3","9","14"),
("4","14","40"),
("5","40","60");



INSERT INTO 3constituinte VALUES
("124","124","5"),
("125","125","4"),
("126","126","3"),
("127","127","5"),
("128","128","5"),
("129","129","4"),
("1242","124","4"),
("1243","124","2"),
("1252","125","4"),
("1253","125","1"),
("1262","126","4"),
("1281","128","4"),
("1282","128","3"),
("1283","128","3"),
("1284","128","2"),
("1291","129","4"),
("1292","129","1"),
("1293","129","2"),
("1294","129","3"),
("1295","129","4");



INSERT INTO 4info_sensivel VALUES
("124","962","Rua Teste1","2123-321"),
("125","963","Rua Teste2","2123-322"),
("126","964","Rua Teste3","2123-323"),
("127","965","Rua Teste4","2123-324"),
("128","966","Rua Teste5","2123-325"),
("129","967","Rua Teste6","2123-326");



INSERT INTO 5produto VALUES
("1","Leite","300","200"),
("2","Queijo","200","300"),
("3","Arroz","250","200"),
("4","Massa","130","300"),
("5","Cereais","140","200"),
("6","Grao","360","300"),
("7","Feijao","530","200"),
("8","Frango","555","300"),
("9","pescada","421","200"),
("10","Sardinhas","324","300"),
("11","Atum","632","200"),
("12","Tomate","342","300"),
("13","Vegetais","433","200"),
("14","Brocolos","121","300"),
("15","Espinafres","620","200"),
("16","Azeite","550","300"),
("17","Creme","390","200"),
("18","Marmelada","372","300");



INSERT INTO 6referencia VALUES
("1","1","20"),
("1","2","21"),
("1","3","22"),
("1","4","23"),
("1","5","24"),
("2","1","11"),
("2","2","12"),
("2","3","13"),
("2","4","14"),
("2","5","15"),
("3","1","31"),
("3","2","32"),
("3","3","33"),
("3","4","34"),
("3","5","35"),
("4","1","41"),
("4","2","42"),
("4","3","43"),
("4","4","44"),
("4","5","45"),
("5","1","24"),
("5","2","25"),
("5","3","26"),
("5","4","27"),
("5","5","28"),
("6","1","9"),
("6","2","10"),
("6","3","8"),
("6","4","7"),
("6","5","11"),
("7","1","22"),
("7","2","23"),
("7","3","24"),
("7","4","25"),
("7","5","26"),
("8","1","27"),
("8","2","28"),
("8","3","29"),
("8","4","30"),
("8","5","31"),
("9","1","31"),
("9","2","32"),
("9","3","33"),
("9","4","34"),
("9","5","35"),
("10","1","11"),
("10","2","12"),
("10","3","13"),
("10","4","14"),
("10","5","15"),
("11","1","21"),
("11","2","22"),
("11","3","23"),
("11","4","24"),
("11","5","25"),
("12","1","21"),
("12","2","22"),
("12","3","23"),
("12","4","24"),
("12","5","25"),
("13","1","21"),
("13","2","22"),
("13","3","23"),
("13","4","24"),
("13","5","25"),
("14","1","21"),
("14","2","22"),
("14","3","23"),
("14","4","24"),
("14","5","25"),
("15","1","21"),
("15","2","22"),
("15","3","23"),
("15","4","24"),
("15","5","25"),
("16","1","21"),
("16","2","22"),
("16","3","23"),
("16","4","24"),
("16","5","25"),
("17","1","21"),
("17","2","22"),
("17","3","23"),
("17","4","24"),
("17","5","25"),
("18","1","21"),
("18","2","22"),
("18","3","23"),
("18","4","24"),
("18","5","25");



INSERT INTO 7distribuicao_individual VALUES
("1","124","1","45","0.67","2023-04-08 00:00:00"),
("2","125","1","44","0.67","2023-04-08 00:00:00"),
("3","126","1","30","0.67","2023-04-08 00:00:00"),
("4","127","1","16","0.67","2023-04-08 00:00:00"),
("5","128","1","75","0.67","2023-04-08 00:00:00"),
("6","124","2","30","0.75","2023-04-08 00:00:00"),
("7","125","2","29","0.75","2023-04-08 00:00:00"),
("8","126","2","20","0.75","2023-04-08 00:00:00"),
("9","127","2","11","0.75","2023-04-08 00:00:00"),
("10","128","2","50","0.75","2023-04-08 00:00:00"),
("11","124","3","37","0.37","2023-04-08 00:00:00"),
("12","125","3","37","0.37","2023-04-08 00:00:00"),
("13","126","3","25","0.37","2023-04-08 00:00:00"),
("14","127","3","13","0.37","2023-04-08 00:00:00"),
("15","128","3","62","0.37","2023-04-08 00:00:00"),
("16","124","4","19","0.15","2023-04-08 00:00:00"),
("17","125","4","19","0.15","2023-04-08 00:00:00"),
("18","126","4","13","0.15","2023-04-08 00:00:00"),
("19","127","4","6","0.15","2023-04-08 00:00:00"),
("20","128","4","32","0.15","2023-04-08 00:00:00"),
("21","124","5","21","0.27","2023-04-08 00:00:00"),
("22","125","5","20","0.27","2023-04-08 00:00:00"),
("23","126","5","14","0.27","2023-04-08 00:00:00"),
("24","127","5","7","0.27","2023-04-08 00:00:00"),
("25","128","5","35","0.27","2023-04-08 00:00:00"),
("26","124","6","59","2.13","2023-04-08 00:00:00"),
("27","125","6","48","2.13","2023-04-08 00:00:00"),
("28","126","6","31","2.13","2023-04-08 00:00:00"),
("29","127","6","23","2.13","2023-04-08 00:00:00"),
("30","128","6","93","2.13","2023-04-08 00:00:00"),
("31","124","7","80","1.09","2023-04-08 00:00:00"),
("32","125","7","78","1.09","2023-04-08 00:00:00"),
("33","126","7","53","1.09","2023-04-08 00:00:00"),
("34","127","7","28","1.09","2023-04-08 00:00:00"),
("35","128","7","132","1.09","2023-04-08 00:00:00"),
("36","124","8","84","0.95","2023-04-08 00:00:00"),
("37","125","8","82","0.95","2023-04-08 00:00:00"),
("38","126","8","55","0.95","2023-04-08 00:00:00"),
("39","127","8","29","0.95","2023-04-08 00:00:00"),
("40","128","8","138","0.95","2023-04-08 00:00:00"),
("41","124","9","63","0.63","2023-04-08 00:00:00"),
("42","125","9","62","0.63","2023-04-08 00:00:00"),
("43","126","9","42","0.63","2023-04-08 00:00:00"),
("44","127","9","22","0.63","2023-04-08 00:00:00"),
("45","128","9","105","0.63","2023-04-08 00:00:00"),
("46","124","10","49","1.21","2023-04-08 00:00:00"),
("47","125","10","47","1.21","2023-04-08 00:00:00"),
("48","126","10","32","1.21","2023-04-08 00:00:00"),
("49","127","10","18","1.21","2023-04-08 00:00:00"),
("50","128","10","81","1.21","2023-04-08 00:00:00"),
("51","124","11","96","1.35","2023-04-08 00:00:00"),
("52","125","11","93","1.35","2023-04-08 00:00:00"),
("53","126","11","63","1.35","2023-04-08 00:00:00"),
("54","127","11","33","1.35","2023-04-08 00:00:00"),
("55","128","11","158","1.35","2023-04-08 00:00:00"),
("56","124","12","51","0.73","2023-04-08 00:00:00"),
("57","125","12","50","0.73","2023-04-08 00:00:00"),
("58","126","12","34","0.73","2023-04-08 00:00:00"),
("59","127","12","18","0.73","2023-04-08 00:00:00"),
("60","128","12","85","0.73","2023-04-08 00:00:00"),
("61","124","13","65","0.93","2023-04-08 00:00:00"),
("62","125","13","63","0.93","2023-04-08 00:00:00"),
("63","126","13","43","0.93","2023-04-08 00:00:00"),
("64","127","13","23","0.93","2023-04-08 00:00:00"),
("65","128","13","108","0.93","2023-04-08 00:00:00"),
("66","124","14","18","0.26","2023-04-08 00:00:00"),
("67","125","14","17","0.26","2023-04-08 00:00:00"),
("68","126","14","12","0.26","2023-04-08 00:00:00"),
("69","127","14","6","0.26","2023-04-08 00:00:00"),
("70","128","14","30","0.26","2023-04-08 00:00:00"),
("71","124","15","94","1.33","2023-04-08 00:00:00"),
("72","125","15","91","1.33","2023-04-08 00:00:00"),
("73","126","15","62","1.33","2023-04-08 00:00:00"),
("74","127","15","33","1.33","2023-04-08 00:00:00"),
("75","128","15","155","1.33","2023-04-08 00:00:00"),
("76","124","16","83","1.18","2023-04-08 00:00:00"),
("77","125","16","81","1.18","2023-04-08 00:00:00"),
("78","126","16","55","1.18","2023-04-08 00:00:00"),
("79","127","16","29","1.18","2023-04-08 00:00:00"),
("80","128","16","137","1.18","2023-04-08 00:00:00"),
("81","124","17","59","0.84","2023-04-08 00:00:00"),
("82","125","17","57","0.84","2023-04-08 00:00:00"),
("83","126","17","39","0.84","2023-04-08 00:00:00"),
("84","127","17","20","0.84","2023-04-08 00:00:00"),
("85","128","17","97","0.84","2023-04-08 00:00:00"),
("86","124","18","56","0.8","2023-04-08 00:00:00"),
("87","125","18","54","0.8","2023-04-08 00:00:00"),
("88","126","18","37","0.8","2023-04-08 00:00:00"),
("89","127","18","19","0.8","2023-04-08 00:00:00"),
("90","128","18","93","0.8","2023-04-08 00:00:00");



INSERT INTO 8entrega VALUES
("1","124","1","2","N/A","0","2023-04-08 00:00:00","2023-04-09 00:00:00"),
("2","125","2","1","O filho assinou","1","2023-04-08 00:00:00","2023-05-09 00:00:00"),
("3","126","3","0","N/A","1","2023-04-08 00:00:00","2023-06-09 00:00:00"),
("4","127","4","1","Vem amanhã","1","2023-04-08 00:00:00","2023-07-09 00:00:00"),
("5","128","5","0","N/A","1","2023-04-08 00:00:00","2023-08-09 00:00:00");



INSERT INTO 9access_log VALUES
("1","2023-07-21 22:21:14","124");



INSERT INTO 9quantity_change_log VALUES
("1","2023-07-21 22:21:08","124","250","87");


